"FileName","LengthBytes","LastWriteTime","SHA256","CreateTableCount","AlterTableCount","CreateFunctionCount","DropFunctionCount","CreatePolicyCount","DropPolicyCount","CreateIndexCount","DropIndexCount","GrantCount","RevokeCount","EnableRlsCount","ContainsDataStatements"
"20260403_multi_branch_phase1.sql","4591","2026-07-15 14:06:17","93521377AE37D9CB5D85C200C1CF586B515146376ECC501297FDACC9D76FACF6","1","8","0","0","0","0","5","0","0","0","0","True"
"20260403_multi_branch_phase3_write_path_safety.sql","2888","2026-07-15 14:06:17","997EC72FF7B3D537001B7FA2C0CFCE19C6C65B32376D286E31C33C79DB49C838","0","0","4","0","0","0","0","0","0","0","0","False"
"20260404_branch_catalog_phase1.sql","3105","2026-07-15 14:06:17","7BA6306134DC17E4B47285B2405B6586A3D461D29407BBB819464384F6C88647","2","0","0","0","0","0","2","0","0","0","0","True"
"20260404_branch_whatsapp_configs.sql","947","2026-07-15 14:06:17","ED24C60E0917FCA5D526C247DD5F81B66CC274A52ECCBA086A5BC00602C5C0D3","1","0","0","0","0","0","2","0","0","0","0","False"
"20260404_multi_branch_phase3_branch_guard.sql","930","2026-07-15 14:06:17","0ACA4E79D47E319F0220A228150DA24F0C1FDA53712F71BA809FA4CF1303241E","0","0","1","0","0","0","0","0","0","0","0","False"
"20260424_digital_invoice_brand_colors.sql","172","2026-07-15 14:06:17","A2150BF871337B2209F4F2BAEC1048CDD4DE142B4E6C92E0EE076C3272C8789D","0","1","0","0","0","0","0","0","0","0","0","False"
"20260424_digital_invoice_main_footer_toggles.sql","279","2026-07-15 14:06:17","DFC2BCD7EF8EDB0A52F961C12E74B5FE09D66CF98A9DD9FA54B1854C09CD00F1","0","1","0","0","0","0","0","0","0","0","0","False"
"20260424_digital_invoice_settings.sql","538","2026-07-15 14:06:17","1F698EDDADB0481F0D53937CEF7804BA251230B299DBD2F4A97C0274F4287CAF","0","1","0","0","0","0","0","0","0","0","0","False"
"20260424_digital_invoice_social_links.sql","322","2026-07-15 14:06:17","9FE1481B9F8779DB3D6CFEED51B3E4B72DF2169538673005966AC3F9EFCEB4D6","0","1","0","0","0","0","0","0","0","0","0","False"
"20260424_thermal_invoice_settings.sql","979","2026-07-15 14:06:17","4CCC2EA1A592F6DD2AB1812462D4F2E4364751FFFF877A79A81724BF068587DB","0","1","0","0","0","0","0","0","0","0","0","False"
"20260428_catalog_cost_price.sql","99","2026-07-15 14:06:17","1CF2C71774450778E0BA40F034F4C9B328D7AE485AF94386781BE2C0C93E2373","0","1","0","0","0","0","0","0","0","0","0","False"
"20260428_invoice_items_cost_price_snapshot.sql","101","2026-07-15 14:06:17","76C1E72467F96484F262D142677EBF193D49166626C7333A98DEEE09214C271E","0","1","0","0","0","0","0","0","0","0","0","False"
"20260430_catalog_items_storage.sql","472","2026-07-15 14:06:17","7440A15AE4E5007A874E70B10A5E1FB6499E7E6A8CB2136F02EECF6099DD246C","0","1","0","0","0","0","0","0","0","0","0","True"
"20260430_catalog_pos_display_settings.sql","274","2026-07-15 14:06:17","4DEA897D8F1A592E8A9B89F7687AE12E955C13C1ED9090DE273C45B479DAE0BB","0","3","0","0","0","0","0","0","0","0","0","False"
"20260430_create_invoice_with_items_current_payload_safe.sql","8006","2026-07-15 14:06:17","A7897C184AED566ADE86880ED4387CC1262FBD321332D5A1FCE10F48BF2F558E","0","0","3","3","0","0","0","0","3","0","0","True"
"20260430_create_invoice_with_items_safe_validation.sql","8006","2026-07-15 14:06:17","A7897C184AED566ADE86880ED4387CC1262FBD321332D5A1FCE10F48BF2F558E","0","0","3","3","0","0","0","0","3","0","0","True"
"20260430_invoice_items_snapshot_allow_catalog_delete.sql","8999","2026-07-15 14:06:17","AB7FEBFBD787CC6AF5406CC3FA9B232EA99A3192629794D56F45F5164F319D5A","0","4","3","3","0","0","0","0","3","0","0","True"
"20260430_items_legacy_audit.sql","2992","2026-07-15 14:06:17","52B4D6F83CE8276FFC9E3B575263F3CA04B13C5A35005632B4402E90253672A4","0","0","0","0","0","0","0","0","0","0","0","False"
"20260501_catalog_categories.sql","662","2026-07-15 14:06:17","F836445D204B58DA8939C457E3B218B25671948F43A6CC6962CC45ABB1CC21D0","1","0","0","0","0","0","0","0","0","0","0","True"
"20260501_create_discounts.sql","911","2026-07-15 14:06:17","B68950A22E698C040FA75CC42172BDCBCF8D23A4C86958813A0CD214B9771D40","1","0","0","0","0","0","3","0","0","0","0","False"
"20260501_create_vat_settings.sql","896","2026-07-15 14:06:17","7FE23DD43F8591873A7F3DD885064040030D47D02FD2384724CA2595F84F010C","1","0","0","0","0","0","3","0","0","0","0","False"
"20260503_default_new_orders_to_in_progress.sql","5863","2026-07-15 14:06:17","9393C67B6A3AFAF63AD396BD6A1A7DDDC6C6164CF7CC8F57A009B66A2BB49B5E","0","0","1","0","0","0","0","0","0","0","0","True"
"20260503_fix_invoice_items_insert_columns_in_create_invoice_with_items_safe.sql","6260","2026-07-15 14:06:17","7AD25F8B43CBCB6580D7583F2969DEA4C0C8CB958D19640D62175F057A7BB6B5","0","0","1","0","0","0","0","0","0","0","0","True"
"20260503_replace_create_invoice_with_items_safe_full_body.sql","6260","2026-07-15 14:06:17","7AD25F8B43CBCB6580D7583F2969DEA4C0C8CB958D19640D62175F057A7BB6B5","0","0","1","0","0","0","0","0","0","0","0","True"
"20260503_reuse_existing_customer_by_phone_in_create_invoice_with_items_safe.sql","6364","2026-07-15 14:06:17","F0ADF3FD621B7601EA0B2D6DDBC5FBEEDBFD28C4EE973B175B4C3BE3B8F36852","0","0","1","0","0","0","0","0","0","0","0","True"
"20260503_standardize_order_statuses_to_in_progress_ready_closed.sql","791","2026-07-15 14:06:17","758F50C49EC5925221475AC2C536C3175C94BD767B683F0A89510028F47BA0A9","0","1","0","0","0","0","0","0","0","0","0","True"
"20260505_add_order_client_idempotency_key.sql","7007","2026-07-15 14:06:17","BBCCC09F773D42C7168C6BA5FDB30747DCC2C08C893B65481546EA8E764259CA","0","1","1","0","0","0","1","0","1","0","0","True"
"20260505_add_order_employee_audit.sql","1556","2026-07-15 14:06:17","7C6BB90E8BBA13BA70336481C8CE26CD5564B834F5B7F88EA4F206EFD82CB757","0","1","1","0","0","0","0","0","1","0","0","True"
"20260505_add_pos_pin_to_profiles.sql","896","2026-07-15 14:06:17","B33F2A32ED63FA0479215D97591861FF63DCF096C0E84E628A961536B2E0687E","0","1","1","0","0","0","0","0","1","1","0","True"
"20260505_fix_set_pos_pin_pgcrypto_search_path.sql","794","2026-07-15 14:06:17","0C59568CFB3FCB0C835A3F27CBCA90A24E3A32CE76EDB9E2EF7EF0FCBC0C9207","0","0","1","0","0","0","0","0","1","1","0","True"
"20260505_prepare_multi_tenant_tenants_and_order_tenant_id.sql","327","2026-07-15 14:06:17","90825579D2394C1195DAEF28A298D30DD7B9F17E520BC6587190BE5168929A02","1","2","0","0","0","0","0","0","0","0","0","False"
"20260505_propagate_tenant_id_for_new_records.sql","15963","2026-07-15 14:06:17","D116C7A3DF8C777C6ECC4B3C3956A9CF01476B7EA32095C71201B176946D9B4A","0","11","11","0","0","0","0","0","1","0","0","True"
"20260505_safe_backfill_tenant_ids.sql","4789","2026-07-15 14:06:17","BDAE5AF51053BD89C7C9B077EFB1759212AE351A5E5CFC2D0ED5DECF25BC46BB","1","6","0","0","0","0","0","0","0","0","0","True"
"20260511_allow_cancelled_invoice_payment_status.sql","1616","2026-07-15 14:06:17","AEBA3F8E51FD2939DEE83F186435B684AE72232DD0A24655021AFC1B41B5BE2E","0","1","0","0","0","0","0","0","0","0","0","False"
"20260512_add_order_whatsapp_message_templates_to_system_settings.sql","180","2026-07-15 14:06:17","EC4BB754A0E6C0ACB0FFB191AA32167867DDFA73410A692AC4D5657AD30B00BB","0","1","0","0","0","0","0","0","0","0","0","False"
"20260513_create_audit_logs.sql","1391","2026-07-15 14:06:17","13BD8A29B5AC821DCBA7660DEBD84D1B258468D34B119E4EAE7D1E9488FE9A45","1","1","0","0","1","1","3","0","0","0","1","False"
"20260515_harden_create_invoice_with_items_safe.sql","10950","2026-07-15 14:06:17","AAC1053551983EDDB5F507A1320E7C0D2E1FBFA43AEDB4ABD75E5696AF682A19","0","0","1","5","0","0","0","0","1","0","0","True"
"20260515_profiles_username_unique_lower.sql","194","2026-07-15 14:06:17","05753B8DD9174D7C81326639C90B1AA7B8E53ACA20633045D2DA3A545AB9B9DF","0","0","0","0","0","0","1","0","0","0","0","False"
"20260516_add_branch_soft_delete.sql","3080","2026-07-15 14:06:17","0B46CB1CD70E81A60EED0EC48D987ACEA5196CE1C846B8D4D5793832F4A22898","0","1","1","0","0","0","1","0","1","1","0","True"
"20260516_branch_monthly_order_invoice_numbers.sql","10581","2026-07-15 14:06:17","9D865C2A4EF49836E43ACA1C420866B6129D0BDEC301843D7037E2BC22593408","1","1","5","0","0","0","6","0","0","0","0","True"
"20260516_create_tenant_with_owner_rpc.sql","3221","2026-07-15 14:06:17","71FC8A51AFDF62DEF0317E8A5DC4E3230B03A17AF5086982E60AC3BF80954FB8","0","0","1","0","0","0","0","0","1","1","0","True"
"20260516_disable_legacy_lf_order_number_generators.sql","1449","2026-07-15 14:06:17","823EEC9DD280992972F2990FBD89F47C4074E15628078E214D70573ED1C43FBC","0","2","0","0","0","0","0","0","0","0","0","False"
"20260516_fix_branch_order_number_prefix_trigger.sql","3923","2026-07-15 14:06:17","35C17B16106410D2D55B3ECB47D93B2CACADE069135420FC61C8FE24795AA689","0","1","2","0","0","0","1","0","0","0","0","True"
"20260516_recalculate_branch_prefixes_per_tenant.sql","813","2026-07-15 14:06:17","3951B516483AD1025A7BE09B3413F064A8ABB20CD700C8A7C1EDF243C81BC95F","0","0","0","0","0","0","1","0","0","0","0","True"
"20260517_add_customer_profile_fields.sql","415","2026-07-15 14:06:17","DADCFE2A4D3E43F65A58A0651AA9501813A876420E131C7005F65CBA7E84F234","0","1","0","0","0","0","0","0","0","0","0","False"
"20260517_cleanup_pos_users_from_profiles.sql","1690","2026-07-15 14:06:17","7A81FF794AF0F436F92CEC2CB210802D691015970630E7369F508D5C67E820AB","0","0","0","0","0","0","0","0","0","0","0","True"
"20260517_create_pos_profiles.sql","3627","2026-07-15 14:06:17","6655411B840D1A6B70408665BDC18D306354FD1D2AD8D364D03D8912882261CA","1","1","2","0","1","1","3","0","2","2","1","True"
"20260517_fix_set_pos_profile_pin_signature.sql","1032","2026-07-15 14:06:17","031456A97A0355E219F301223DC4FFD33844DB2263017A43A2FE01BAD33B6459","0","0","1","1","0","0","0","0","1","1","0","True"
"20260517_hash_pos_pin_before_insert.sql","605","2026-07-15 14:06:17","14AB294DC7ABE90E1D40D13303DF520C65987368BCB22B7C28D5F2C2D4ED16F3","0","0","1","0","0","0","0","0","1","1","0","False"
"20260517_inventory_phase1_foundation.sql","7777","2026-07-15 14:06:17","E5B8A3EF9485912C208D88615E00240A3AD6CD434C3E01E60C75BF818207A07E","2","0","3","0","0","0","5","0","2","0","0","True"
"20260517_inventory_phase4_deduct_stock_on_sale.sql","14839","2026-07-15 14:06:17","CC2DC38920477B5ACD021C81A92989F14770FAD2A339EE6F94D7C9F1FAF6700D","0","0","1","5","0","0","0","0","1","0","0","True"
"20260517_inventory_phase5_restore_cancelled_invoice_stock.sql","4677","2026-07-15 14:06:17","4255B296E466C58D9A8FE756BF5B9671EE0C204392A0481AC4003B4CFF711C6F","0","0","1","0","0","0","1","0","1","0","0","True"
"20260517_inventory_tracking_flag.sql","22483","2026-07-15 14:06:17","93653E1DC6112DF9AFF599925372FE27AB67DB8F7BEDAB3F95C4ABB4A035D877","0","2","4","0","0","0","1","0","4","0","0","True"
"20260517_require_pos_profile_role_branch.sql","160","2026-07-15 14:06:17","136B1599910B2AF607632C269123B22CA2093A2542B3716CF5ED2CC67F1FD4FB","0","2","0","0","0","0","0","0","0","0","0","False"
"20260517_set_pos_profile_pin_scoped.sql","905","2026-07-15 14:06:17","8250CF3C9D8A72D6B1F61A68AC2BFDFDA8AF0E3269E525E0D888139AFBC2DD9E","0","0","1","0","0","0","0","0","1","1","0","True"
"20260517_verify_pos_pin_from_pos_profiles.sql","1300","2026-07-15 14:06:17","7B3FD90040CADCF5F1EEF592EC637714EDB85D5C21F1D485FB726702FD445C78","0","0","1","2","0","0","0","0","2","1","0","False"
"20260518_catalog_composite_inventory_tracking.sql","23032","2026-07-15 14:06:17","2F9D51A41F927209D389D690D89B66B6314ADE28077BC4F7B8352EAA779AADE3","0","3","4","0","0","0","1","0","4","0","0","True"
"20260518_fix_adjust_inventory_stock_signature.sql","3434","2026-07-15 14:06:17","9A2E1013A3D9D07358BC7222AAF82CDE3EFBDD9B1665AD168E2102337EB8BDDE","0","0","1","1","0","0","0","0","1","0","0","True"
"20260518_update_inventory_low_stock_threshold_rpc.sql","2555","2026-07-15 14:06:17","7435EFE9E486BDE94ED91B1EBEF0545D55EB935E24FB37358358E0B4218FB561","0","0","1","0","0","0","0","0","1","0","0","True"
"20260518093000_force_inventory_aware_invoice_rpc.sql","23229","2026-07-15 14:06:17","5124FFB06BEE095FA31AF3AFA3B1555D79C34C3A3E83D5912BE31726B3008A94","0","3","4","0","0","0","1","0","4","0","0","True"
"20260518120000_inventory_movements_user_names.sql","5663","2026-07-15 14:06:17","5650FE22D2CCF1E8BE1CD152B243444409DBC928293CA0F282FBD512F09C14D6","0","0","1","2","0","0","0","0","2","0","0","True"
"20260518123000_fix_manual_inventory_created_by.sql","4157","2026-07-15 14:06:17","D62B0552DFAEB60A95BDD05FDE3EEC8DFC0FD3363E3FAFC182E1B4B6ABA7DC89","0","0","1","2","0","0","0","0","1","0","0","True"
"20260518124500_force_adjust_inventory_stock_created_by_signature.sql","4093","2026-07-15 14:06:17","2DB331EEC2E45B232065751A5AF3B7E73FA91B55E7680BA58ABB3B58D9112724","0","0","1","2","0","0","0","0","1","0","0","True"
"20260518130000_reload_adjust_inventory_stock_created_by_signature.sql","4093","2026-07-15 14:06:17","2DB331EEC2E45B232065751A5AF3B7E73FA91B55E7680BA58ABB3B58D9112724","0","0","1","2","0","0","0","0","1","0","0","True"
"20260519090000_inventory_movements_real_actor_names.sql","1756","2026-07-15 14:06:17","BE8A1E13EC9D374BAE13BC103902340F15EABD69DEC2877CDD1175A24DDD2313","0","0","0","0","0","0","0","0","1","0","0","False"
"20260519093000_inventory_movements_actor_identity_view.sql","1674","2026-07-15 14:06:17","D358E01AD553214998204166198D758A84D38E40610C0D6F6EAF644AFB64ECD1","0","0","0","0","0","0","0","0","1","0","0","False"
"20260519100000_fix_cancelled_invoice_inventory_restore_rpc.sql","4576","2026-07-15 14:06:17","F541588FEFFFA94E769CC2B66C060640618036542BEB49C3A6125C4DA3B804CD","0","0","1","1","0","0","1","0","1","0","0","True"
"20260519103000_resolve_branch_catalog_items_on_cancel_restore.sql","5612","2026-07-15 14:06:17","58CD9CB60355D52589C57C285DE59F9532EDC85B9B904205D44EF4350F004452","0","0","1","1","0","0","1","0","1","0","0","True"
"20260519110000_inventory_movements_actor_display_identity.sql","1670","2026-07-15 14:06:17","642EB3E67B462ABE56E23BFFD87C75794C6AE89C94D63D1B3CE573547C68E67C","0","0","0","0","0","0","0","0","1","0","0","False"
"20260519113000_inventory_movements_recover_sale_actor_from_invoice.sql","3567","2026-07-15 14:06:17","D7A549C746EC26A3C71DF3047A88EDE70201E451C6868F51DA807ADA98ED6BA3","0","0","0","0","0","0","0","0","1","0","0","False"
"20260519120000_inventory_movements_pos_actor_for_sales_and_voids.sql","4643","2026-07-15 14:06:17","AF07D40366A9F3CFE64DBFD8562E8B77EABE187A0471F1E11CD308BBE9E0309B","0","0","0","0","0","0","0","0","1","0","0","False"
"20260519133000_add_pos_pin_plain_to_pos_profiles.sql","260","2026-07-15 14:06:17","D6119D474C97538D436B09C58C157165E8C69EB5A8E409535E92566FCD41013F","0","1","0","0","0","0","0","0","0","0","0","False"
"20260519143000_create_announcements_mvp.sql","3744","2026-07-15 14:06:17","29E39111D7FA1FC413015B7BDB9700324216BF5A435F78FB15F2991C223FF8AE","2","2","1","0","2","2","4","0","2","0","2","False"
"20260520090000_announcement_manual_customers.sql","1524","2026-07-15 14:06:17","7F66CAC8605759488145A53C152AFF8B39791B2E634E74F605B5177D5267F689","1","3","0","0","1","1","1","0","1","0","1","False"
"20260520093000_announcement_whatsapp_send_status.sql","510","2026-07-15 14:06:17","0E0922CF0933176D380273ECB4B990E99E1483DA4490A7953163548007AF09D3","0","4","0","0","0","0","0","0","0","0","0","False"
"20260520094500_announcement_cta_fields.sql","164","2026-07-15 14:06:17","FDEF8E93C145F0329E5B04F44D3A36236076E9EAAB1569BBEF398271CEF65440","0","1","0","0","0","0","0","0","0","0","0","False"
"20260520100000_announcement_image_support.sql","520","2026-07-15 14:06:17","8F1B6CC59CC2633D7AD98DBE1885C32582EC6ABF5A423394EE6534906ABB365E","0","1","0","0","0","0","0","0","0","0","0","True"
"20260705000000_self_heal_order_number_sequence_drift.sql","2716","2026-07-15 14:06:17","22DD496BCFF81265C36721D0C0E3548895327FC2B771A9556D2AA4EC5F064AA6","0","0","1","0","0","0","0","0","0","0","0","True"
"20260713090000_secure_pos_pin_credentials.sql","6833","2026-07-15 14:06:17","93CDE3D0B83FE7F4457F1902A2499EC3D04413C90EF5297119F6A8762FB0FB80","0","1","1","2","1","1","0","0","4","11","0","True"
"20260716150000_support_center_foundation.sql","14524","2026-07-20 22:53:50","60926F6ED117DA9D53DE6AB059A9CB5204899FD7C8D1C8B2FAB4FD3D04A61704","4","4","4","0","4","6","5","0","9","20","4","True"
"20260717150000_support_provider_operational_metrics.sql","15846","2026-07-20 22:53:50","AE4DF280C93F895D4D3EE864777CA3BD157840F613891646146F40A9299A9339","0","0","1","0","0","0","1","0","1","3","0","False"
"20260717180000_support_secure_attachments.sql","3177","2026-07-20 22:53:50","2D705E58BD8E9A81C4DC0E935FF0D9EBCAECCDA82247C5414A695A075064F4F5","1","1","0","0","0","0","4","0","0","3","1","True"
