"FileOrder","FileName","ObjectType","ObjectName","ObjectSignature"
"1","20260403_multi_branch_phase1.sql","INDEX","public.idx_branches_is_active","public.idx_branches_is_active"
"1","20260403_multi_branch_phase1.sql","INDEX","public.idx_customers_branch_id","public.idx_customers_branch_id"
"1","20260403_multi_branch_phase1.sql","INDEX","public.idx_invoices_branch_id","public.idx_invoices_branch_id"
"1","20260403_multi_branch_phase1.sql","INDEX","public.idx_orders_branch_id","public.idx_orders_branch_id"
"1","20260403_multi_branch_phase1.sql","INDEX","public.idx_profiles_branch_id","public.idx_profiles_branch_id"
"1","20260403_multi_branch_phase1.sql","TABLE","public.branches","public.branches"
"2","20260403_multi_branch_phase3_write_path_safety.sql","FUNCTION","public.resolve_insert_branch_id","public.resolve_insert_branch_id(requested_branch_id uuid default null)"
"2","20260403_multi_branch_phase3_write_path_safety.sql","FUNCTION","public.set_customers_branch_id","public.set_customers_branch_id()"
"2","20260403_multi_branch_phase3_write_path_safety.sql","FUNCTION","public.set_invoices_branch_id","public.set_invoices_branch_id()"
"2","20260403_multi_branch_phase3_write_path_safety.sql","FUNCTION","public.set_orders_branch_id","public.set_orders_branch_id()"
"2","20260403_multi_branch_phase3_write_path_safety.sql","TRIGGER","public.trg_set_customers_branch_id","public.customers::trg_set_customers_branch_id"
"2","20260403_multi_branch_phase3_write_path_safety.sql","TRIGGER","public.trg_set_invoices_branch_id","public.invoices::trg_set_invoices_branch_id"
"2","20260403_multi_branch_phase3_write_path_safety.sql","TRIGGER","public.trg_set_orders_branch_id","public.orders::trg_set_orders_branch_id"
"3","20260404_branch_catalog_phase1.sql","INDEX","public.idx_branch_catalog_items_branch_id","public.idx_branch_catalog_items_branch_id"
"3","20260404_branch_catalog_phase1.sql","INDEX","public.idx_branch_catalog_items_catalog_item_id","public.idx_branch_catalog_items_catalog_item_id"
"3","20260404_branch_catalog_phase1.sql","TABLE","public.branch_catalog_items","public.branch_catalog_items"
"3","20260404_branch_catalog_phase1.sql","TABLE","public.catalog_items","public.catalog_items"
"4","20260404_branch_whatsapp_configs.sql","INDEX","public.idx_branch_whatsapp_configs_branch_id","public.idx_branch_whatsapp_configs_branch_id"
"4","20260404_branch_whatsapp_configs.sql","INDEX","public.idx_branch_whatsapp_configs_is_active","public.idx_branch_whatsapp_configs_is_active"
"4","20260404_branch_whatsapp_configs.sql","TABLE","public.branch_whatsapp_configs","public.branch_whatsapp_configs"
"5","20260404_multi_branch_phase3_branch_guard.sql","FUNCTION","public.resolve_insert_branch_id","public.resolve_insert_branch_id(requested_branch_id uuid default null)"
"15","20260430_create_invoice_with_items_current_payload_safe.sql","FUNCTION","public.create_invoice_with_items","public.create_invoice_with_items(p_customer_name text, p_customer_phone text, p_customer_notes text default '', p_payment_method text default 'cash', p_discount numeric default 0, p_tax numeric default 0, p_note text default '', p_items json default '[]'::json)"
"15","20260430_create_invoice_with_items_current_payload_safe.sql","FUNCTION","public.create_invoice_with_items","public.create_invoice_with_items(p_customer_name text, p_customer_phone text, p_customer_notes text default '', p_payment_method text default 'cash', p_discount numeric default 0, p_tax numeric default 0, p_note text default '', p_items jsonb default '[]'::jsonb)"
"15","20260430_create_invoice_with_items_current_payload_safe.sql","FUNCTION","public.create_invoice_with_items_safe","public.create_invoice_with_items_safe(p_customer_name text, p_customer_phone text, p_customer_notes text default '', p_payment_method text default 'cash', p_discount numeric default 0, p_tax numeric default 0, p_note text default '', p_items jsonb default '[]'::jsonb)"
"16","20260430_create_invoice_with_items_safe_validation.sql","FUNCTION","public.create_invoice_with_items","public.create_invoice_with_items(p_customer_name text, p_customer_phone text, p_customer_notes text default '', p_payment_method text default 'cash', p_discount numeric default 0, p_tax numeric default 0, p_note text default '', p_items json default '[]'::json)"
"16","20260430_create_invoice_with_items_safe_validation.sql","FUNCTION","public.create_invoice_with_items","public.create_invoice_with_items(p_customer_name text, p_customer_phone text, p_customer_notes text default '', p_payment_method text default 'cash', p_discount numeric default 0, p_tax numeric default 0, p_note text default '', p_items jsonb default '[]'::jsonb)"
"16","20260430_create_invoice_with_items_safe_validation.sql","FUNCTION","public.create_invoice_with_items_safe","public.create_invoice_with_items_safe(p_customer_name text, p_customer_phone text, p_customer_notes text default '', p_payment_method text default 'cash', p_discount numeric default 0, p_tax numeric default 0, p_note text default '', p_items jsonb default '[]'::jsonb)"
"17","20260430_invoice_items_snapshot_allow_catalog_delete.sql","FUNCTION","public.create_invoice_with_items","public.create_invoice_with_items(p_customer_name text, p_customer_phone text, p_customer_notes text default '', p_payment_method text default 'cash', p_discount numeric default 0, p_tax numeric default 0, p_note text default '', p_items json default '[]'::json)"
"17","20260430_invoice_items_snapshot_allow_catalog_delete.sql","FUNCTION","public.create_invoice_with_items","public.create_invoice_with_items(p_customer_name text, p_customer_phone text, p_customer_notes text default '', p_payment_method text default 'cash', p_discount numeric default 0, p_tax numeric default 0, p_note text default '', p_items jsonb default '[]'::jsonb)"
"17","20260430_invoice_items_snapshot_allow_catalog_delete.sql","FUNCTION","public.create_invoice_with_items_safe","public.create_invoice_with_items_safe(p_customer_name text, p_customer_phone text, p_customer_notes text default '', p_payment_method text default 'cash', p_discount numeric default 0, p_tax numeric default 0, p_note text default '', p_items jsonb default '[]'::jsonb)"
"19","20260501_catalog_categories.sql","TABLE","public.catalog_categories","public.catalog_categories"
"20","20260501_create_discounts.sql","INDEX","public.discounts_branch_id_idx","public.discounts_branch_id_idx"
"20","20260501_create_discounts.sql","INDEX","public.discounts_deleted_at_idx","public.discounts_deleted_at_idx"
"20","20260501_create_discounts.sql","INDEX","public.discounts_is_active_idx","public.discounts_is_active_idx"
"20","20260501_create_discounts.sql","TABLE","public.discounts","public.discounts"
"21","20260501_create_vat_settings.sql","INDEX","public.vat_settings_branch_id_idx","public.vat_settings_branch_id_idx"
"21","20260501_create_vat_settings.sql","INDEX","public.vat_settings_is_active_idx","public.vat_settings_is_active_idx"
"21","20260501_create_vat_settings.sql","INDEX","public.vat_settings_scope_unique_idx","public.vat_settings_scope_unique_idx"
"21","20260501_create_vat_settings.sql","TABLE","public.vat_settings","public.vat_settings"
"22","20260503_default_new_orders_to_in_progress.sql","FUNCTION","public.create_invoice_with_items_safe","public.create_invoice_with_items_safe(p_customer_name text, p_customer_phone text, p_customer_notes text default '', p_payment_method text default 'cash', p_discount numeric default 0, p_tax numeric default 0, p_note text default '', p_items jsonb default '[]'::jsonb)"
"23","20260503_fix_invoice_items_insert_columns_in_create_invoice_with_items_safe.sql","FUNCTION","public.create_invoice_with_items_safe","public.create_invoice_with_items_safe(p_customer_name text, p_customer_phone text, p_customer_notes text default '', p_payment_method text default 'cash', p_discount numeric default 0, p_tax numeric default 0, p_note text default '', p_items jsonb default '[]'::jsonb)"
"24","20260503_replace_create_invoice_with_items_safe_full_body.sql","FUNCTION","public.create_invoice_with_items_safe","public.create_invoice_with_items_safe(p_customer_name text, p_customer_phone text, p_customer_notes text default '', p_payment_method text default 'cash', p_discount numeric default 0, p_tax numeric default 0, p_note text default '', p_items jsonb default '[]'::jsonb)"
"25","20260503_reuse_existing_customer_by_phone_in_create_invoice_with_items_safe.sql","FUNCTION","public.create_invoice_with_items_safe","public.create_invoice_with_items_safe(p_customer_name text, p_customer_phone text, p_customer_notes text default '', p_payment_method text default 'cash', p_discount numeric default 0, p_tax numeric default 0, p_note text default '', p_items jsonb default '[]'::jsonb)"
"27","20260505_add_order_client_idempotency_key.sql","FUNCTION","public.create_invoice_with_items_safe","public.create_invoice_with_items_safe(p_customer_name text, p_customer_phone text, p_customer_notes text default '', p_payment_method text default 'cash', p_discount numeric default 0, p_tax numeric default 0, p_note text default '', p_items jsonb default '[]'::jsonb, p_client_idempotency_key text default '')"
"27","20260505_add_order_client_idempotency_key.sql","INDEX","public.orders_idempotency_key_unique","public.orders_idempotency_key_unique"
"28","20260505_add_order_employee_audit.sql","FUNCTION","public.create_invoice_with_items_safe","public.create_invoice_with_items_safe(p_customer_name text, p_customer_phone text, p_customer_notes text default '', p_payment_method text default 'cash', p_discount numeric default 0, p_tax numeric default 0, p_note text default '', p_items jsonb default '[]'::jsonb, p_client_idempotency_key text default '', p_created_by_employee_id uuid default null)"
"29","20260505_add_pos_pin_to_profiles.sql","FUNCTION","public.set_pos_pin","public.set_pos_pin(user_id uuid, raw_pin text)"
"30","20260505_fix_set_pos_pin_pgcrypto_search_path.sql","FUNCTION","public.set_pos_pin","public.set_pos_pin(user_id uuid, raw_pin text)"
"31","20260505_prepare_multi_tenant_tenants_and_order_tenant_id.sql","TABLE","public.tenants","public.tenants"
"32","20260505_propagate_tenant_id_for_new_records.sql","FUNCTION","public.create_invoice_with_items_safe","public.create_invoice_with_items_safe(p_customer_name text, p_customer_phone text, p_customer_notes text default '', p_payment_method text default 'cash', p_discount numeric default 0, p_tax numeric default 0, p_note text default '', p_items jsonb default '[]'::jsonb, p_client_idempotency_key text default '', p_created_by_employee_id uuid default null, p_tenant_id uuid default null)"
"32","20260505_propagate_tenant_id_for_new_records.sql","FUNCTION","public.resolve_branch_tenant_id","public.resolve_branch_tenant_id(p_branch_id uuid)"
"32","20260505_propagate_tenant_id_for_new_records.sql","FUNCTION","public.resolve_default_tenant_id","public.resolve_default_tenant_id()"
"32","20260505_propagate_tenant_id_for_new_records.sql","FUNCTION","public.set_branch_scoped_tenant_id","public.set_branch_scoped_tenant_id()"
"32","20260505_propagate_tenant_id_for_new_records.sql","FUNCTION","public.set_branches_tenant_id","public.set_branches_tenant_id()"
"32","20260505_propagate_tenant_id_for_new_records.sql","FUNCTION","public.set_customers_tenant_id","public.set_customers_tenant_id()"
"32","20260505_propagate_tenant_id_for_new_records.sql","FUNCTION","public.set_default_tenant_id","public.set_default_tenant_id()"
"32","20260505_propagate_tenant_id_for_new_records.sql","FUNCTION","public.set_invoice_items_tenant_id","public.set_invoice_items_tenant_id()"
"32","20260505_propagate_tenant_id_for_new_records.sql","FUNCTION","public.set_invoices_tenant_id","public.set_invoices_tenant_id()"
"32","20260505_propagate_tenant_id_for_new_records.sql","FUNCTION","public.set_orders_tenant_id","public.set_orders_tenant_id()"
"32","20260505_propagate_tenant_id_for_new_records.sql","FUNCTION","public.set_profiles_tenant_id","public.set_profiles_tenant_id()"
"32","20260505_propagate_tenant_id_for_new_records.sql","TRIGGER","public.trg_set_branch_catalog_items_tenant_id","public.branch_catalog_items::trg_set_branch_catalog_items_tenant_id"
"32","20260505_propagate_tenant_id_for_new_records.sql","TRIGGER","public.trg_set_branch_whatsapp_configs_tenant_id","public.branch_whatsapp_configs::trg_set_branch_whatsapp_configs_tenant_id"
"32","20260505_propagate_tenant_id_for_new_records.sql","TRIGGER","public.trg_set_branches_tenant_id","public.branches::trg_set_branches_tenant_id"
"32","20260505_propagate_tenant_id_for_new_records.sql","TRIGGER","public.trg_set_catalog_categories_tenant_id","public.catalog_categories::trg_set_catalog_categories_tenant_id"
"32","20260505_propagate_tenant_id_for_new_records.sql","TRIGGER","public.trg_set_catalog_items_tenant_id","public.catalog_items::trg_set_catalog_items_tenant_id"
"32","20260505_propagate_tenant_id_for_new_records.sql","TRIGGER","public.trg_set_customers_tenant_id","public.customers::trg_set_customers_tenant_id"
"32","20260505_propagate_tenant_id_for_new_records.sql","TRIGGER","public.trg_set_discounts_tenant_id","public.discounts::trg_set_discounts_tenant_id"
"32","20260505_propagate_tenant_id_for_new_records.sql","TRIGGER","public.trg_set_invoice_items_tenant_id","public.invoice_items::trg_set_invoice_items_tenant_id"
"32","20260505_propagate_tenant_id_for_new_records.sql","TRIGGER","public.trg_set_invoices_tenant_id","public.invoices::trg_set_invoices_tenant_id"
"32","20260505_propagate_tenant_id_for_new_records.sql","TRIGGER","public.trg_set_orders_tenant_id","public.orders::trg_set_orders_tenant_id"
"32","20260505_propagate_tenant_id_for_new_records.sql","TRIGGER","public.trg_set_profiles_tenant_id","public.profiles::trg_set_profiles_tenant_id"
"32","20260505_propagate_tenant_id_for_new_records.sql","TRIGGER","public.trg_set_system_settings_tenant_id","public.system_settings::trg_set_system_settings_tenant_id"
"32","20260505_propagate_tenant_id_for_new_records.sql","TRIGGER","public.trg_set_vat_settings_tenant_id","public.vat_settings::trg_set_vat_settings_tenant_id"
"33","20260505_safe_backfill_tenant_ids.sql","TABLE","public.tenants","public.tenants"
"36","20260513_create_audit_logs.sql","INDEX","public.idx_audit_logs_actor_created","public.idx_audit_logs_actor_created"
"36","20260513_create_audit_logs.sql","INDEX","public.idx_audit_logs_entity","public.idx_audit_logs_entity"
"36","20260513_create_audit_logs.sql","INDEX","public.idx_audit_logs_tenant_created","public.idx_audit_logs_tenant_created"
"36","20260513_create_audit_logs.sql","POLICY","public.audit_logs_select_same_tenant_admin","public.audit_logs::audit_logs_select_same_tenant_admin"
"36","20260513_create_audit_logs.sql","TABLE","public.audit_logs","public.audit_logs"
"37","20260515_harden_create_invoice_with_items_safe.sql","FUNCTION","public.create_invoice_with_items_safe","public.create_invoice_with_items_safe(p_customer_name text, p_customer_phone text, p_customer_notes text default '', p_payment_method text default 'cash', p_discount numeric default 0, p_tax numeric default 0, p_note text default '', p_items jsonb default '[]'::jsonb, p_client_idempotency_key text default '', p_created_by_employee_id uuid default null, p_tenant_id uuid default null, p_branch_id uuid default null)"
"38","20260515_profiles_username_unique_lower.sql","INDEX","public.profiles_username_lower_unique","public.profiles_username_lower_unique"
"39","20260516_add_branch_soft_delete.sql","FUNCTION","public.purge_expired_deleted_branches","public.purge_expired_deleted_branches()"
"39","20260516_add_branch_soft_delete.sql","INDEX","public.idx_branches_tenant_deleted_at","public.idx_branches_tenant_deleted_at"
"40","20260516_branch_monthly_order_invoice_numbers.sql","FUNCTION","public.ensure_branch_order_number_prefix","public.ensure_branch_order_number_prefix(p_branch_id uuid)"
"40","20260516_branch_monthly_order_invoice_numbers.sql","FUNCTION","public.next_branch_monthly_order_number","public.next_branch_monthly_order_number(p_tenant_id uuid, p_branch_id uuid, p_created_at timestamptz default now()"
"40","20260516_branch_monthly_order_invoice_numbers.sql","FUNCTION","public.set_branch_order_number_prefix","public.set_branch_order_number_prefix()"
"40","20260516_branch_monthly_order_invoice_numbers.sql","FUNCTION","public.set_invoice_number_from_order","public.set_invoice_number_from_order()"
"40","20260516_branch_monthly_order_invoice_numbers.sql","FUNCTION","public.set_order_number_branch_monthly","public.set_order_number_branch_monthly()"
"40","20260516_branch_monthly_order_invoice_numbers.sql","INDEX","public.idx_branches_tenant_order_number_prefix","public.idx_branches_tenant_order_number_prefix"
"40","20260516_branch_monthly_order_invoice_numbers.sql","INDEX","public.idx_invoices_tenant_branch_created_number","public.idx_invoices_tenant_branch_created_number"
"40","20260516_branch_monthly_order_invoice_numbers.sql","INDEX","public.idx_invoices_tenant_branch_month_invoice_number_unique","public.idx_invoices_tenant_branch_month_invoice_number_unique"
"40","20260516_branch_monthly_order_invoice_numbers.sql","INDEX","public.idx_order_number_sequences_branch_month","public.idx_order_number_sequences_branch_month"
"40","20260516_branch_monthly_order_invoice_numbers.sql","INDEX","public.idx_orders_tenant_branch_created_number","public.idx_orders_tenant_branch_created_number"
"40","20260516_branch_monthly_order_invoice_numbers.sql","INDEX","public.idx_orders_tenant_branch_month_order_number_unique","public.idx_orders_tenant_branch_month_order_number_unique"
"40","20260516_branch_monthly_order_invoice_numbers.sql","TABLE","public.order_number_sequences","public.order_number_sequences"
"40","20260516_branch_monthly_order_invoice_numbers.sql","TRIGGER","public.trg_set_branch_order_number_prefix","public.branches::trg_set_branch_order_number_prefix"
"40","20260516_branch_monthly_order_invoice_numbers.sql","TRIGGER","public.trg_zz_set_invoice_number_from_order","public.invoices::trg_zz_set_invoice_number_from_order"
"40","20260516_branch_monthly_order_invoice_numbers.sql","TRIGGER","public.trg_zz_set_order_number_branch_monthly","public.orders::trg_zz_set_order_number_branch_monthly"
"41","20260516_create_tenant_with_owner_rpc.sql","FUNCTION","public.create_tenant_with_owner","public.create_tenant_with_owner(p_tenant_name text, p_owner_user_id uuid, p_owner_username text, p_owner_full_name text default null, p_owner_contact_email text default null, p_owner_phone text default null, p_default_branch_name text default 'main branch')"
"42","20260516_disable_legacy_lf_order_number_generators.sql","TRIGGER","public.trg_zzzz_set_invoice_number_from_order","public.invoices::trg_zzzz_set_invoice_number_from_order"
"42","20260516_disable_legacy_lf_order_number_generators.sql","TRIGGER","public.trg_zzzz_set_order_number_branch_monthly","public.orders::trg_zzzz_set_order_number_branch_monthly"
"43","20260516_fix_branch_order_number_prefix_trigger.sql","FUNCTION","public.ensure_branch_order_number_prefix","public.ensure_branch_order_number_prefix(p_branch_id uuid)"
"43","20260516_fix_branch_order_number_prefix_trigger.sql","FUNCTION","public.set_branch_order_number_prefix","public.set_branch_order_number_prefix()"
"43","20260516_fix_branch_order_number_prefix_trigger.sql","INDEX","public.idx_branches_tenant_order_number_prefix","public.idx_branches_tenant_order_number_prefix"
"43","20260516_fix_branch_order_number_prefix_trigger.sql","TRIGGER","public.trg_set_branch_order_number_prefix","public.branches::trg_set_branch_order_number_prefix"
"44","20260516_recalculate_branch_prefixes_per_tenant.sql","INDEX","public.idx_branches_tenant_order_number_prefix","public.idx_branches_tenant_order_number_prefix"
"47","20260517_create_pos_profiles.sql","FUNCTION","public.set_pos_pin","public.set_pos_pin(user_id uuid, raw_pin text)"
"47","20260517_create_pos_profiles.sql","FUNCTION","public.verify_pos_pin","public.verify_pos_pin(raw_pin text, tenant_id uuid)"
"47","20260517_create_pos_profiles.sql","INDEX","public.idx_pos_profiles_tenant_active","public.idx_pos_profiles_tenant_active"
"47","20260517_create_pos_profiles.sql","INDEX","public.idx_pos_profiles_tenant_branch","public.idx_pos_profiles_tenant_branch"
"47","20260517_create_pos_profiles.sql","INDEX","public.pos_profiles_tenant_username_unique","public.pos_profiles_tenant_username_unique"
"47","20260517_create_pos_profiles.sql","POLICY","public.pos_profiles_select_same_tenant_system_user","public.pos_profiles::pos_profiles_select_same_tenant_system_user"
"47","20260517_create_pos_profiles.sql","TABLE","public.pos_profiles","public.pos_profiles"
"48","20260517_fix_set_pos_profile_pin_signature.sql","FUNCTION","public.set_pos_profile_pin","public.set_pos_profile_pin(p_tenant_id uuid, p_pos_profile_id uuid, p_raw_pin text)"
"49","20260517_hash_pos_pin_before_insert.sql","FUNCTION","public.hash_pos_pin","public.hash_pos_pin(raw_pin text)"
"50","20260517_inventory_phase1_foundation.sql","FUNCTION","public.adjust_inventory_stock","public.adjust_inventory_stock(p_tenant_id uuid, p_branch_id uuid, p_catalog_item_id uuid, p_quantity_delta numeric, p_movement_type text, p_notes text default null)"
"50","20260517_inventory_phase1_foundation.sql","FUNCTION","public.get_branch_inventory","public.get_branch_inventory(p_tenant_id uuid, p_branch_id uuid)"
"50","20260517_inventory_phase1_foundation.sql","FUNCTION","public.set_inventory_stock_updated_at","public.set_inventory_stock_updated_at()"
"50","20260517_inventory_phase1_foundation.sql","INDEX","public.idx_inventory_movements_tenant_branch_catalog_item_created","public.idx_inventory_movements_tenant_branch_catalog_item_created"
"50","20260517_inventory_phase1_foundation.sql","INDEX","public.idx_inventory_movements_tenant_created","public.idx_inventory_movements_tenant_created"
"50","20260517_inventory_phase1_foundation.sql","INDEX","public.idx_inventory_movements_tenant_source","public.idx_inventory_movements_tenant_source"
"50","20260517_inventory_phase1_foundation.sql","INDEX","public.idx_inventory_stock_tenant_branch","public.idx_inventory_stock_tenant_branch"
"50","20260517_inventory_phase1_foundation.sql","INDEX","public.idx_inventory_stock_tenant_branch_catalog_item","public.idx_inventory_stock_tenant_branch_catalog_item"
"50","20260517_inventory_phase1_foundation.sql","TABLE","public.inventory_movements","public.inventory_movements"
"50","20260517_inventory_phase1_foundation.sql","TABLE","public.inventory_stock","public.inventory_stock"
"50","20260517_inventory_phase1_foundation.sql","TRIGGER","public.trg_set_inventory_stock_updated_at","public.inventory_stock::trg_set_inventory_stock_updated_at"
"51","20260517_inventory_phase4_deduct_stock_on_sale.sql","FUNCTION","public.create_invoice_with_items_safe","public.create_invoice_with_items_safe(p_customer_name text, p_customer_phone text, p_customer_notes text default '', p_payment_method text default 'cash', p_discount numeric default 0, p_tax numeric default 0, p_note text default '', p_items jsonb default '[]'::jsonb, p_client_idempotency_key text default '', p_created_by_employee_id uuid default null, p_tenant_id uuid default null, p_branch_id uuid default null)"
"52","20260517_inventory_phase5_restore_cancelled_invoice_stock.sql","FUNCTION","public.restore_inventory_for_cancelled_invoice","public.restore_inventory_for_cancelled_invoice(p_tenant_id uuid, p_invoice_id uuid)"
"52","20260517_inventory_phase5_restore_cancelled_invoice_stock.sql","INDEX","public.idx_inventory_movements_invoice_sale_void_once","public.idx_inventory_movements_invoice_sale_void_once"
"53","20260517_inventory_tracking_flag.sql","FUNCTION","public.create_invoice_with_items_safe","public.create_invoice_with_items_safe(p_customer_name text, p_customer_phone text, p_customer_notes text default '', p_payment_method text default 'cash', p_discount numeric default 0, p_tax numeric default 0, p_note text default '', p_items jsonb default '[]'::jsonb, p_client_idempotency_key text default '', p_created_by_employee_id uuid default null, p_tenant_id uuid default null, p_branch_id uuid default null)"
"53","20260517_inventory_tracking_flag.sql","FUNCTION","public.ensure_inventory_stock_for_catalog_item","public.ensure_inventory_stock_for_catalog_item(p_tenant_id uuid, p_catalog_item_id uuid)"
"53","20260517_inventory_tracking_flag.sql","FUNCTION","public.get_branch_inventory","public.get_branch_inventory(p_tenant_id uuid, p_branch_id uuid)"
"53","20260517_inventory_tracking_flag.sql","FUNCTION","public.restore_inventory_for_cancelled_invoice","public.restore_inventory_for_cancelled_invoice(p_tenant_id uuid, p_invoice_id uuid)"
"53","20260517_inventory_tracking_flag.sql","INDEX","public.idx_catalog_items_tenant_track_inventory","public.idx_catalog_items_tenant_track_inventory"
"55","20260517_set_pos_profile_pin_scoped.sql","FUNCTION","public.set_pos_profile_pin","public.set_pos_profile_pin(p_user_id uuid, p_tenant_id uuid, raw_pin text)"
"56","20260517_verify_pos_pin_from_pos_profiles.sql","FUNCTION","public.verify_pos_pin","public.verify_pos_pin(p_raw_pin text, p_tenant_id uuid, p_branch_id uuid default null)"
"57","20260518_catalog_composite_inventory_tracking.sql","FUNCTION","public.create_invoice_with_items_safe","public.create_invoice_with_items_safe(p_customer_name text, p_customer_phone text, p_customer_notes text default '', p_payment_method text default 'cash', p_discount numeric default 0, p_tax numeric default 0, p_note text default '', p_items jsonb default '[]'::jsonb, p_client_idempotency_key text default '', p_created_by_employee_id uuid default null, p_tenant_id uuid default null, p_branch_id uuid default null)"
"57","20260518_catalog_composite_inventory_tracking.sql","FUNCTION","public.ensure_inventory_stock_for_catalog_item","public.ensure_inventory_stock_for_catalog_item(p_tenant_id uuid, p_catalog_item_id uuid)"
"57","20260518_catalog_composite_inventory_tracking.sql","FUNCTION","public.get_branch_inventory","public.get_branch_inventory(p_tenant_id uuid, p_branch_id uuid)"
"57","20260518_catalog_composite_inventory_tracking.sql","FUNCTION","public.restore_inventory_for_cancelled_invoice","public.restore_inventory_for_cancelled_invoice(p_tenant_id uuid, p_invoice_id uuid)"
"57","20260518_catalog_composite_inventory_tracking.sql","INDEX","public.idx_catalog_items_tenant_track_inventory","public.idx_catalog_items_tenant_track_inventory"
"58","20260518_fix_adjust_inventory_stock_signature.sql","FUNCTION","public.adjust_inventory_stock","public.adjust_inventory_stock(p_tenant_id uuid, p_branch_id uuid, p_catalog_item_id uuid, p_quantity_delta numeric, p_movement_type text, p_notes text default null)"
"59","20260518_update_inventory_low_stock_threshold_rpc.sql","FUNCTION","public.update_inventory_low_stock_threshold","public.update_inventory_low_stock_threshold(p_tenant_id uuid, p_branch_id uuid, p_catalog_item_id uuid, p_low_stock_threshold numeric)"
"60","20260518093000_force_inventory_aware_invoice_rpc.sql","FUNCTION","public.create_invoice_with_items_safe","public.create_invoice_with_items_safe(p_customer_name text, p_customer_phone text, p_customer_notes text default '', p_payment_method text default 'cash', p_discount numeric default 0, p_tax numeric default 0, p_note text default '', p_items jsonb default '[]'::jsonb, p_client_idempotency_key text default '', p_created_by_employee_id uuid default null, p_tenant_id uuid default null, p_branch_id uuid default null)"
"60","20260518093000_force_inventory_aware_invoice_rpc.sql","FUNCTION","public.ensure_inventory_stock_for_catalog_item","public.ensure_inventory_stock_for_catalog_item(p_tenant_id uuid, p_catalog_item_id uuid)"
"60","20260518093000_force_inventory_aware_invoice_rpc.sql","FUNCTION","public.get_branch_inventory","public.get_branch_inventory(p_tenant_id uuid, p_branch_id uuid)"
"60","20260518093000_force_inventory_aware_invoice_rpc.sql","FUNCTION","public.restore_inventory_for_cancelled_invoice","public.restore_inventory_for_cancelled_invoice(p_tenant_id uuid, p_invoice_id uuid)"
"60","20260518093000_force_inventory_aware_invoice_rpc.sql","INDEX","public.idx_catalog_items_tenant_track_inventory","public.idx_catalog_items_tenant_track_inventory"
"61","20260518120000_inventory_movements_user_names.sql","FUNCTION","public.adjust_inventory_stock","public.adjust_inventory_stock(p_tenant_id uuid, p_branch_id uuid, p_catalog_item_id uuid, p_quantity_delta numeric, p_movement_type text, p_notes text default null, p_created_by uuid default null)"
"61","20260518120000_inventory_movements_user_names.sql","VIEW","public.inventory_movements_view","public.inventory_movements_view"
"62","20260518123000_fix_manual_inventory_created_by.sql","FUNCTION","public.adjust_inventory_stock","public.adjust_inventory_stock(p_tenant_id uuid, p_branch_id uuid, p_catalog_item_id uuid, p_quantity_delta numeric, p_movement_type text, p_notes text default null, p_created_by uuid default null)"
"63","20260518124500_force_adjust_inventory_stock_created_by_signature.sql","FUNCTION","public.adjust_inventory_stock","public.adjust_inventory_stock(p_tenant_id uuid, p_branch_id uuid, p_catalog_item_id uuid, p_quantity_delta numeric, p_movement_type text, p_notes text, p_created_by uuid)"
"64","20260518130000_reload_adjust_inventory_stock_created_by_signature.sql","FUNCTION","public.adjust_inventory_stock","public.adjust_inventory_stock(p_tenant_id uuid, p_branch_id uuid, p_catalog_item_id uuid, p_quantity_delta numeric, p_movement_type text, p_notes text, p_created_by uuid)"
"65","20260519090000_inventory_movements_real_actor_names.sql","VIEW","public.inventory_movements_view","public.inventory_movements_view"
"66","20260519093000_inventory_movements_actor_identity_view.sql","VIEW","public.inventory_movements_view","public.inventory_movements_view"
"67","20260519100000_fix_cancelled_invoice_inventory_restore_rpc.sql","FUNCTION","public.restore_inventory_for_cancelled_invoice","public.restore_inventory_for_cancelled_invoice(p_invoice_id uuid, p_tenant_id uuid)"
"67","20260519100000_fix_cancelled_invoice_inventory_restore_rpc.sql","INDEX","public.idx_inventory_movements_sale_void_source_item","public.idx_inventory_movements_sale_void_source_item"
"68","20260519103000_resolve_branch_catalog_items_on_cancel_restore.sql","FUNCTION","public.restore_inventory_for_cancelled_invoice","public.restore_inventory_for_cancelled_invoice(p_invoice_id uuid, p_tenant_id uuid)"
"68","20260519103000_resolve_branch_catalog_items_on_cancel_restore.sql","INDEX","public.idx_inventory_movements_sale_void_source_item","public.idx_inventory_movements_sale_void_source_item"
"69","20260519110000_inventory_movements_actor_display_identity.sql","VIEW","public.inventory_movements_view","public.inventory_movements_view"
"70","20260519113000_inventory_movements_recover_sale_actor_from_invoice.sql","VIEW","public.inventory_movements_view","public.inventory_movements_view"
"71","20260519120000_inventory_movements_pos_actor_for_sales_and_voids.sql","VIEW","public.inventory_movements_view","public.inventory_movements_view"
"73","20260519143000_create_announcements_mvp.sql","FUNCTION","public.set_announcement_updated_at","public.set_announcement_updated_at()"
"73","20260519143000_create_announcements_mvp.sql","INDEX","public.idx_announcement_recipients_announcement","public.idx_announcement_recipients_announcement"
"73","20260519143000_create_announcements_mvp.sql","INDEX","public.idx_announcement_recipients_tenant_status","public.idx_announcement_recipients_tenant_status"
"73","20260519143000_create_announcements_mvp.sql","INDEX","public.idx_announcements_tenant_branch","public.idx_announcements_tenant_branch"
"73","20260519143000_create_announcements_mvp.sql","INDEX","public.idx_announcements_tenant_created","public.idx_announcements_tenant_created"
"73","20260519143000_create_announcements_mvp.sql","POLICY","public.announcement_recipients_full_admin_select","public.announcement_recipients::announcement_recipients_full_admin_select"
"73","20260519143000_create_announcements_mvp.sql","POLICY","public.announcements_full_admin_select","public.announcements::announcements_full_admin_select"
"73","20260519143000_create_announcements_mvp.sql","TABLE","public.announcement_recipients","public.announcement_recipients"
"73","20260519143000_create_announcements_mvp.sql","TABLE","public.announcements","public.announcements"
"73","20260519143000_create_announcements_mvp.sql","TRIGGER","public.trg_set_announcement_updated_at","public.announcements::trg_set_announcement_updated_at"
"74","20260520090000_announcement_manual_customers.sql","INDEX","public.idx_announcement_manual_customers_tenant","public.idx_announcement_manual_customers_tenant"
"74","20260520090000_announcement_manual_customers.sql","POLICY","public.announcement_manual_customers_full_admin_select","public.announcement_manual_customers::announcement_manual_customers_full_admin_select"
"74","20260520090000_announcement_manual_customers.sql","TABLE","public.announcement_manual_customers","public.announcement_manual_customers"
"78","20260705000000_self_heal_order_number_sequence_drift.sql","FUNCTION","public.next_branch_monthly_order_number","public.next_branch_monthly_order_number(p_tenant_id uuid, p_branch_id uuid, p_created_at timestamptz default now()"
"79","20260713090000_secure_pos_pin_credentials.sql","FUNCTION","public.verify_pos_pin_for_actor","public.verify_pos_pin_for_actor(p_raw_pin text, p_actor_user_id uuid, p_requested_branch_id uuid default null)"
"79","20260713090000_secure_pos_pin_credentials.sql","POLICY","public.pos_profiles_select_same_tenant_system_user","public.pos_profiles::pos_profiles_select_same_tenant_system_user"
"80","20260716150000_support_center_foundation.sql","FUNCTION","public.create_support_ticket_atomic","public.create_support_ticket_atomic(p_tenant_id uuid, p_branch_id uuid, p_created_by uuid, p_category text, p_priority text, p_title text, p_description text, p_source text, p_page_path text, p_error_reference text, p_error_code text, p_safe_error_message text, p_diagnostic_context jsonb)"
"80","20260716150000_support_center_foundation.sql","FUNCTION","public.current_profile_tenant_id","public.current_profile_tenant_id()"
"80","20260716150000_support_center_foundation.sql","FUNCTION","public.is_active_platform_admin","public.is_active_platform_admin()"
"80","20260716150000_support_center_foundation.sql","FUNCTION","public.touch_support_updated_at","public.touch_support_updated_at()"
"80","20260716150000_support_center_foundation.sql","INDEX","public.support_messages_ticket_created_idx","public.support_messages_ticket_created_idx"
"80","20260716150000_support_center_foundation.sql","INDEX","public.support_ticket_events_ticket_created_idx","public.support_ticket_events_ticket_created_idx"
"80","20260716150000_support_center_foundation.sql","INDEX","public.support_tickets_priority_created_idx","public.support_tickets_priority_created_idx"
"80","20260716150000_support_center_foundation.sql","INDEX","public.support_tickets_status_created_idx","public.support_tickets_status_created_idx"
"80","20260716150000_support_center_foundation.sql","INDEX","public.support_tickets_tenant_created_idx","public.support_tickets_tenant_created_idx"
"80","20260716150000_support_center_foundation.sql","POLICY","public.platform_admins_self_select","public.platform_admins::platform_admins_self_select"
"80","20260716150000_support_center_foundation.sql","POLICY","public.support_messages_select","public.support_messages::support_messages_select"
"80","20260716150000_support_center_foundation.sql","POLICY","public.support_events_select","public.support_ticket_events::support_events_select"
"80","20260716150000_support_center_foundation.sql","POLICY","public.support_tickets_select","public.support_tickets::support_tickets_select"
"80","20260716150000_support_center_foundation.sql","TABLE","public.platform_admins","public.platform_admins"
"80","20260716150000_support_center_foundation.sql","TABLE","public.support_messages","public.support_messages"
"80","20260716150000_support_center_foundation.sql","TABLE","public.support_ticket_events","public.support_ticket_events"
"80","20260716150000_support_center_foundation.sql","TABLE","public.support_tickets","public.support_tickets"
"80","20260716150000_support_center_foundation.sql","TRIGGER","public.platform_admins_touch","public.platform_admins::platform_admins_touch"
"80","20260716150000_support_center_foundation.sql","TRIGGER","public.support_messages_touch","public.support_messages::support_messages_touch"
"80","20260716150000_support_center_foundation.sql","TRIGGER","public.support_tickets_touch","public.support_tickets::support_tickets_touch"
"81","20260717150000_support_provider_operational_metrics.sql","FUNCTION","public.get_provider_support_operational_dashboard","public.get_provider_support_operational_dashboard(p_provider_user_id uuid, p_page integer default 1, p_page_size integer default 25, p_search text default null, p_status text default null, p_priority text default null, p_category text default null, p_organization text default null, p_assignment text default 'all', p_operational_filter text default 'all')"
"81","20260717150000_support_provider_operational_metrics.sql","INDEX","public.support_messages_public_ticket_sender_created_idx","public.support_messages_public_ticket_sender_created_idx"
"82","20260717180000_support_secure_attachments.sql","INDEX","public.support_attachments_message_idx","public.support_attachments_message_idx"
"82","20260717180000_support_secure_attachments.sql","INDEX","public.support_attachments_ticket_created_idx","public.support_attachments_ticket_created_idx"
"82","20260717180000_support_secure_attachments.sql","INDEX","public.support_messages_id_ticket_uidx","public.support_messages_id_ticket_uidx"
"82","20260717180000_support_secure_attachments.sql","INDEX","public.support_tickets_id_tenant_uidx","public.support_tickets_id_tenant_uidx"
"82","20260717180000_support_secure_attachments.sql","TABLE","public.support_attachments","public.support_attachments"
