"FileName","SHA256","LengthBytes","CreatedTables","AlteredTables","DroppedTables","CreatedFunctions","DroppedFunctions","CreatedIndexes","CreatedPolicies","DroppedPolicies","CreatedTriggers","CreatedViews","HasTopLevelInsert","HasTopLevelUpdate","HasTopLevelDelete","HasTopLevelTruncate","HasSecurityDefiner","HasSearchPath","HasGrantToAnon","HasGrantToAuthenticated","HasGrantToServiceRole","HasRevokePublic","HasRls","HasStorageObjects","HasAuthObjects","HasDestructiveDdl","HasConstraintValidation","DuplicateContent","DuplicateGroup","DraftClassification","ReviewNotes"
"20260403_multi_branch_phase1.sql","93521377AE37D9CB5D85C200C1CF586B515146376ECC501297FDACC9D76FACF6","4591","public.branches","public.customers; public.invoices; public.orders; public.profiles","","","","idx_branches_is_active; idx_customers_branch_id; idx_invoices_branch_id; idx_orders_branch_id; idx_profiles_branch_id","","","","","True","True","False","False","False","False","False","False","False","False","False","False","False","False","False","False","","Historical;PossibleDataBearing",""
"20260403_multi_branch_phase3_write_path_safety.sql","997EC72FF7B3D537001B7FA2C0CFCE19C6C65B32376D286E31C33C79DB49C838","2888","","","","public.resolve_insert_branch_id; public.set_customers_branch_id; public.set_invoices_branch_id; public.set_orders_branch_id","","","","","trg_set_customers_branch_id; trg_set_invoices_branch_id; trg_set_orders_branch_id","","False","False","False","False","True","True","False","False","False","False","False","False","True","True","False","False","","Historical;SecuritySensitive;DestructiveDDL",""
"20260404_branch_catalog_phase1.sql","7BA6306134DC17E4B47285B2405B6586A3D461D29407BBB819464384F6C88647","3105","public.branch_catalog_items; public.catalog_items","","","","","idx_branch_catalog_items_branch_id; idx_branch_catalog_items_catalog_item_id","","","","","True","False","False","False","False","False","False","False","False","False","False","False","False","False","False","False","","Historical;PossibleDataBearing",""
"20260404_branch_whatsapp_configs.sql","ED24C60E0917FCA5D526C247DD5F81B66CC274A52ECCBA086A5BC00602C5C0D3","947","public.branch_whatsapp_configs","","","","","idx_branch_whatsapp_configs_branch_id; idx_branch_whatsapp_configs_is_active","","","","","False","False","False","False","False","False","False","False","False","False","False","False","False","False","False","False","","Historical",""
"20260404_multi_branch_phase3_branch_guard.sql","0ACA4E79D47E319F0220A228150DA24F0C1FDA53712F71BA809FA4CF1303241E","930","","","","public.resolve_insert_branch_id","","","","","","","False","False","False","False","True","True","False","False","False","False","False","False","True","False","False","False","","Historical;SecuritySensitive",""
"20260424_digital_invoice_brand_colors.sql","A2150BF871337B2209F4F2BAEC1048CDD4DE142B4E6C92E0EE076C3272C8789D","172","","public.system_settings","","","","","","","","","False","False","False","False","False","False","False","False","False","False","False","False","False","False","False","False","","Historical",""
"20260424_digital_invoice_main_footer_toggles.sql","DFC2BCD7EF8EDB0A52F961C12E74B5FE09D66CF98A9DD9FA54B1854C09CD00F1","279","","public.system_settings","","","","","","","","","False","False","False","False","False","False","False","False","False","False","False","False","False","False","False","False","","Historical",""
"20260424_digital_invoice_settings.sql","1F698EDDADB0481F0D53937CEF7804BA251230B299DBD2F4A97C0274F4287CAF","538","","public.system_settings","","","","","","","","","False","False","False","False","False","False","False","False","False","False","False","False","False","False","False","False","","Historical",""
"20260424_digital_invoice_social_links.sql","9FE1481B9F8779DB3D6CFEED51B3E4B72DF2169538673005966AC3F9EFCEB4D6","322","","public.system_settings","","","","","","","","","False","False","False","False","False","False","False","False","False","False","False","False","False","False","False","False","","Historical",""
"20260424_thermal_invoice_settings.sql","4CCC2EA1A592F6DD2AB1812462D4F2E4364751FFFF877A79A81724BF068587DB","979","","public.system_settings","","","","","","","","","False","False","False","False","False","False","False","False","False","False","False","False","False","False","False","False","","Historical",""
"20260428_catalog_cost_price.sql","1CF2C71774450778E0BA40F034F4C9B328D7AE485AF94386781BE2C0C93E2373","99","","public.catalog_items","","","","","","","","","False","False","False","False","False","False","False","False","False","False","False","False","False","False","False","False","","Historical",""
"20260428_invoice_items_cost_price_snapshot.sql","76C1E72467F96484F262D142677EBF193D49166626C7333A98DEEE09214C271E","101","","public.invoice_items","","","","","","","","","False","False","False","False","False","False","False","False","False","False","False","False","False","False","False","False","","Historical",""
"20260430_catalog_items_storage.sql","7440A15AE4E5007A874E70B10A5E1FB6499E7E6A8CB2136F02EECF6099DD246C","472","","public.catalog_items","","","","","","","","","True","False","False","False","False","False","False","False","False","False","False","True","False","False","False","False","","Historical;PossibleDataBearing;StorageSensitive",""
"20260430_catalog_pos_display_settings.sql","4DEA897D8F1A592E8A9B89F7687AE12E955C13C1ED9090DE273C45B479DAE0BB","274","","public.catalog_items","","","","","","","","","False","False","False","False","False","False","False","False","False","False","False","False","False","False","False","False","","Historical",""
"20260430_create_invoice_with_items_current_payload_safe.sql","A7897C184AED566ADE86880ED4387CC1262FBD321332D5A1FCE10F48BF2F558E","8006","","","","public.create_invoice_with_items; public.create_invoice_with_items_safe","public.create_invoice_with_items; public.create_invoice_with_items_safe","","","","","","True","False","False","False","True","True","False","False","False","False","False","False","False","True","False","True","20260430_create_invoice_with_items_current_payload_safe.sql; 20260430_create_invoice_with_items_safe_validation.sql","Historical;ExactDuplicate;PossibleDataBearing;SecuritySensitive;DestructiveDDL",""
"20260430_create_invoice_with_items_safe_validation.sql","A7897C184AED566ADE86880ED4387CC1262FBD321332D5A1FCE10F48BF2F558E","8006","","","","public.create_invoice_with_items; public.create_invoice_with_items_safe","public.create_invoice_with_items; public.create_invoice_with_items_safe","","","","","","True","False","False","False","True","True","False","False","False","False","False","False","False","True","False","True","20260430_create_invoice_with_items_current_payload_safe.sql; 20260430_create_invoice_with_items_safe_validation.sql","Historical;ExactDuplicate;PossibleDataBearing;SecuritySensitive;DestructiveDDL",""
"20260430_invoice_items_snapshot_allow_catalog_delete.sql","AB7FEBFBD787CC6AF5406CC3FA9B232EA99A3192629794D56F45F5164F319D5A","8999","","public.invoice_items","","public.create_invoice_with_items; public.create_invoice_with_items_safe","public.create_invoice_with_items; public.create_invoice_with_items_safe","","","","","","True","True","False","False","True","True","False","False","False","False","False","False","False","True","False","False","","Historical;PossibleDataBearing;SecuritySensitive;DestructiveDDL",""
"20260430_items_legacy_audit.sql","52B4D6F83CE8276FFC9E3B575263F3CA04B13C5A35005632B4402E90253672A4","2992","","","","","","","","","","","False","False","False","False","False","False","False","False","False","False","False","False","False","False","False","False","","Historical",""
"20260501_catalog_categories.sql","F836445D204B58DA8939C457E3B218B25671948F43A6CC6962CC45ABB1CC21D0","662","public.catalog_categories","","","","","","","","","","True","False","False","False","False","False","False","False","False","False","False","False","False","False","False","False","","Historical;PossibleDataBearing",""
"20260501_create_discounts.sql","B68950A22E698C040FA75CC42172BDCBCF8D23A4C86958813A0CD214B9771D40","911","public.discounts","","","","","discounts_branch_id_idx; discounts_deleted_at_idx; discounts_is_active_idx","","","","","False","False","False","False","False","False","False","False","False","False","False","False","False","False","False","False","","Historical",""
"20260501_create_vat_settings.sql","7FE23DD43F8591873A7F3DD885064040030D47D02FD2384724CA2595F84F010C","896","public.vat_settings","","","","","vat_settings_branch_id_idx; vat_settings_is_active_idx; vat_settings_scope_unique_idx","","","","","False","False","False","False","False","False","False","False","False","False","False","False","False","False","False","False","","Historical",""
"20260503_default_new_orders_to_in_progress.sql","9393C67B6A3AFAF63AD396BD6A1A7DDDC6C6164CF7CC8F57A009B66A2BB49B5E","5863","","","","public.create_invoice_with_items_safe","","","","","","","True","False","False","False","True","True","False","False","False","False","False","False","False","False","False","False","","Historical;PossibleDataBearing;SecuritySensitive",""
"20260503_fix_invoice_items_insert_columns_in_create_invoice_with_items_safe.sql","7AD25F8B43CBCB6580D7583F2969DEA4C0C8CB958D19640D62175F057A7BB6B5","6260","","","","public.create_invoice_with_items_safe","","","","","","","True","True","False","False","True","True","False","False","False","False","False","False","False","False","False","True","20260503_fix_invoice_items_insert_columns_in_create_invoice_with_items_safe.sql; 20260503_replace_create_invoice_with_items_safe_full_body.sql","Historical;ExactDuplicate;PossibleDataBearing;SecuritySensitive",""
"20260503_replace_create_invoice_with_items_safe_full_body.sql","7AD25F8B43CBCB6580D7583F2969DEA4C0C8CB958D19640D62175F057A7BB6B5","6260","","","","public.create_invoice_with_items_safe","","","","","","","True","True","False","False","True","True","False","False","False","False","False","False","False","False","False","True","20260503_fix_invoice_items_insert_columns_in_create_invoice_with_items_safe.sql; 20260503_replace_create_invoice_with_items_safe_full_body.sql","Historical;ExactDuplicate;PossibleDataBearing;SecuritySensitive",""
"20260503_reuse_existing_customer_by_phone_in_create_invoice_with_items_safe.sql","F0ADF3FD621B7601EA0B2D6DDBC5FBEEDBFD28C4EE973B175B4C3BE3B8F36852","6364","","","","public.create_invoice_with_items_safe","","","","","","","True","True","False","False","True","True","False","False","False","False","False","False","False","False","False","False","","Historical;PossibleDataBearing;SecuritySensitive",""
"20260503_standardize_order_statuses_to_in_progress_ready_closed.sql","758F50C49EC5925221475AC2C536C3175C94BD767B683F0A89510028F47BA0A9","791","","public.orders","","","","","","","","","False","True","False","False","False","False","False","False","False","False","False","False","False","False","False","False","","Historical;PossibleDataBearing",""
"20260505_add_order_client_idempotency_key.sql","BBCCC09F773D42C7168C6BA5FDB30747DCC2C08C893B65481546EA8E764259CA","7007","","public.orders","","public.create_invoice_with_items_safe","","orders_idempotency_key_unique","","","","","True","True","False","False","True","True","False","False","False","False","False","False","False","False","False","False","","Historical;PossibleDataBearing;SecuritySensitive",""
"20260505_add_order_employee_audit.sql","7C6BB90E8BBA13BA70336481C8CE26CD5564B834F5B7F88EA4F206EFD82CB757","1556","","public.orders","","public.create_invoice_with_items_safe","","","","","","","False","True","False","False","True","True","False","False","False","False","False","False","False","False","False","False","","Historical;PossibleDataBearing;SecuritySensitive",""
"20260505_add_pos_pin_to_profiles.sql","B33F2A32ED63FA0479215D97591861FF63DCF096C0E84E628A961536B2E0687E","896","","public.profiles","","public.set_pos_pin","","","","","","","False","True","False","False","True","True","False","False","True","True","False","False","False","False","False","False","","Historical;PossibleDataBearing;SecuritySensitive",""
"20260505_fix_set_pos_pin_pgcrypto_search_path.sql","0C59568CFB3FCB0C835A3F27CBCA90A24E3A32CE76EDB9E2EF7EF0FCBC0C9207","794","","","","public.set_pos_pin","","","","","","","False","True","False","False","True","True","False","False","True","True","False","False","False","False","False","False","","Historical;PossibleDataBearing;SecuritySensitive",""
"20260505_prepare_multi_tenant_tenants_and_order_tenant_id.sql","90825579D2394C1195DAEF28A298D30DD7B9F17E520BC6587190BE5168929A02","327","public.tenants","public.orders; public.profiles","","","","","","","","","False","False","False","False","False","False","False","False","False","False","False","False","False","False","False","False","","Historical",""
"20260505_propagate_tenant_id_for_new_records.sql","D116C7A3DF8C777C6ECC4B3C3956A9CF01476B7EA32095C71201B176946D9B4A","15963","","public.branch_catalog_items; public.branch_whatsapp_configs; public.branches; public.catalog_categories; public.catalog_items; public.customers; public.discounts; public.invoice_items; public.invoices; public.system_settings; public.vat_settings","","public.create_invoice_with_items_safe; public.resolve_branch_tenant_id; public.resolve_default_tenant_id; public.set_branch_scoped_tenant_id; public.set_branches_tenant_id; public.set_customers_tenant_id; public.set_default_tenant_id; public.set_invoice_items_tenant_id; public.set_invoices_tenant_id; public.set_orders_tenant_id; public.set_profiles_tenant_id","","","","","trg_set_branch_catalog_items_tenant_id; trg_set_branch_whatsapp_configs_tenant_id; trg_set_branches_tenant_id; trg_set_catalog_categories_tenant_id; trg_set_catalog_items_tenant_id; trg_set_customers_tenant_id; trg_set_discounts_tenant_id; trg_set_invoice_items_tenant_id; trg_set_invoices_tenant_id; trg_set_orders_tenant_id; trg_set_profiles_tenant_id; trg_set_system_settings_tenant_id; trg_set_vat_settings_tenant_id","","True","True","False","False","True","True","False","False","False","False","False","False","True","True","False","False","","Historical;PossibleDataBearing;SecuritySensitive;DestructiveDDL",""
"20260505_safe_backfill_tenant_ids.sql","BDAE5AF51053BD89C7C9B077EFB1759212AE351A5E5CFC2D0ED5DECF25BC46BB","4789","public.tenants","public.branches; public.customers; public.invoice_items; public.invoices; public.orders; public.profiles","","","","","","","","","True","True","False","False","False","False","False","False","False","False","False","False","False","False","False","False","","Historical;PossibleDataBearing",""
"20260511_allow_cancelled_invoice_payment_status.sql","AEBA3F8E51FD2939DEE83F186435B684AE72232DD0A24655021AFC1B41B5BE2E","1616","","public.invoices","","","","","","","","","False","False","False","False","False","False","False","False","False","False","False","False","False","False","False","False","","Historical",""
"20260512_add_order_whatsapp_message_templates_to_system_settings.sql","EC4BB754A0E6C0ACB0FFB191AA32167867DDFA73410A692AC4D5657AD30B00BB","180","","public.system_settings","","","","","","","","","False","False","False","False","False","False","False","False","False","False","False","False","False","False","False","False","","Historical",""
"20260513_create_audit_logs.sql","13BD8A29B5AC821DCBA7660DEBD84D1B258468D34B119E4EAE7D1E9488FE9A45","1391","public.audit_logs","public.audit_logs","","","","idx_audit_logs_actor_created; idx_audit_logs_entity; idx_audit_logs_tenant_created","audit_logs_select_same_tenant_admin","audit_logs_select_same_tenant_admin","","","False","False","False","False","False","False","False","False","False","False","True","False","True","True","False","False","","Historical;SecuritySensitive;DestructiveDDL",""
"20260515_harden_create_invoice_with_items_safe.sql","AAC1053551983EDDB5F507A1320E7C0D2E1FBFA43AEDB4ABD75E5696AF682A19","10950","","","","public.create_invoice_with_items_safe","public.create_invoice_with_items_safe","","","","","","True","True","False","False","True","True","False","False","False","False","False","False","True","True","False","False","","Historical;PossibleDataBearing;SecuritySensitive;DestructiveDDL",""
"20260515_profiles_username_unique_lower.sql","05753B8DD9174D7C81326639C90B1AA7B8E53ACA20633045D2DA3A545AB9B9DF","194","","","","","","profiles_username_lower_unique","","","","","False","False","False","False","False","False","False","False","False","False","False","False","False","False","False","False","","Historical",""
"20260516_add_branch_soft_delete.sql","0B46CB1CD70E81A60EED0EC48D987ACEA5196CE1C846B8D4D5793832F4A22898","3080","","public.branches","","public.purge_expired_deleted_branches","","idx_branches_tenant_deleted_at","","","","","False","True","True","False","True","True","False","False","True","True","False","False","False","False","False","False","","Historical;PossibleDataBearing;SecuritySensitive",""
"20260516_branch_monthly_order_invoice_numbers.sql","9D865C2A4EF49836E43ACA1C420866B6129D0BDEC301843D7037E2BC22593408","10581","public.order_number_sequences","public.branches","","public.ensure_branch_order_number_prefix; public.next_branch_monthly_order_number; public.set_branch_order_number_prefix; public.set_invoice_number_from_order; public.set_order_number_branch_monthly","","idx_branches_tenant_order_number_prefix; idx_invoices_tenant_branch_created_number; idx_invoices_tenant_branch_month_invoice_number_unique; idx_order_number_sequences_branch_month; idx_orders_tenant_branch_created_number; idx_orders_tenant_branch_month_order_number_unique","","","trg_set_branch_order_number_prefix; trg_zz_set_invoice_number_from_order; trg_zz_set_order_number_branch_monthly","","True","True","False","False","True","True","False","False","False","False","False","False","False","True","False","False","","Historical;PossibleDataBearing;SecuritySensitive;DestructiveDDL",""
"20260516_create_tenant_with_owner_rpc.sql","71FC8A51AFDF62DEF0317E8A5DC4E3230B03A17AF5086982E60AC3BF80954FB8","3221","","","","public.create_tenant_with_owner","","","","","","","True","False","False","False","True","True","False","False","False","False","False","False","False","False","False","False","","Historical;PossibleDataBearing;SecuritySensitive",""
"20260516_disable_legacy_lf_order_number_generators.sql","823EEC9DD280992972F2990FBD89F47C4074E15628078E214D70573ED1C43FBC","1449","","public.invoices; public.orders","","","","","","","trg_zzzz_set_invoice_number_from_order; trg_zzzz_set_order_number_branch_monthly","","False","False","False","False","False","False","False","False","False","False","False","False","False","True","False","False","","Historical;DestructiveDDL",""
"20260516_fix_branch_order_number_prefix_trigger.sql","35C17B16106410D2D55B3ECB47D93B2CACADE069135420FC61C8FE24795AA689","3923","","public.branches","","public.ensure_branch_order_number_prefix; public.set_branch_order_number_prefix","","idx_branches_tenant_order_number_prefix","","","trg_set_branch_order_number_prefix","","False","True","False","False","True","True","False","False","False","False","False","False","False","True","False","False","","Historical;PossibleDataBearing;SecuritySensitive;DestructiveDDL",""
"20260516_recalculate_branch_prefixes_per_tenant.sql","3951B516483AD1025A7BE09B3413F064A8ABB20CD700C8A7C1EDF243C81BC95F","813","","","","","","idx_branches_tenant_order_number_prefix","","","","","False","True","False","False","False","False","False","False","False","False","False","False","False","False","False","False","","Historical;PossibleDataBearing",""
"20260517_add_customer_profile_fields.sql","DADCFE2A4D3E43F65A58A0651AA9501813A876420E131C7005F65CBA7E84F234","415","","public.customers","","","","","","","","","False","False","False","False","False","False","False","False","False","False","False","False","False","False","False","False","","Historical",""
"20260517_cleanup_pos_users_from_profiles.sql","7A81FF794AF0F436F92CEC2CB210802D691015970630E7369F508D5C67E820AB","1690","","","","","","","","","","","False","False","True","False","False","False","False","False","False","False","False","False","False","False","False","False","","Historical;PossibleDataBearing",""
"20260517_create_pos_profiles.sql","6655411B840D1A6B70408665BDC18D306354FD1D2AD8D364D03D8912882261CA","3627","public.pos_profiles","public.pos_profiles","","public.set_pos_pin; public.verify_pos_pin","","idx_pos_profiles_tenant_active; idx_pos_profiles_tenant_branch; pos_profiles_tenant_username_unique","pos_profiles_select_same_tenant_system_user","pos_profiles_select_same_tenant_system_user","","","True","True","False","False","True","True","False","False","True","True","True","False","True","True","False","False","","Historical;PossibleDataBearing;SecuritySensitive;DestructiveDDL",""
"20260517_fix_set_pos_profile_pin_signature.sql","031456A97A0355E219F301223DC4FFD33844DB2263017A43A2FE01BAD33B6459","1032","","","","public.set_pos_profile_pin","public.set_pos_profile_pin","","","","","","False","True","False","False","True","True","False","False","True","True","False","False","False","True","False","False","","Historical;PossibleDataBearing;SecuritySensitive;DestructiveDDL",""
"20260517_hash_pos_pin_before_insert.sql","14AB294DC7ABE90E1D40D13303DF520C65987368BCB22B7C28D5F2C2D4ED16F3","605","","","","public.hash_pos_pin","","","","","","","False","False","False","False","True","True","False","False","True","True","False","False","False","False","False","False","","Historical;SecuritySensitive",""
"20260517_inventory_phase1_foundation.sql","E5B8A3EF9485912C208D88615E00240A3AD6CD434C3E01E60C75BF818207A07E","7777","public.inventory_movements; public.inventory_stock","","","public.adjust_inventory_stock; public.get_branch_inventory; public.set_inventory_stock_updated_at","","idx_inventory_movements_tenant_branch_catalog_item_created; idx_inventory_movements_tenant_created; idx_inventory_movements_tenant_source; idx_inventory_stock_tenant_branch; idx_inventory_stock_tenant_branch_catalog_item","","","trg_set_inventory_stock_updated_at","","True","False","False","False","True","True","False","False","False","False","False","False","True","True","False","False","","Historical;PossibleDataBearing;SecuritySensitive;DestructiveDDL",""
"20260517_inventory_phase4_deduct_stock_on_sale.sql","CC2DC38920477B5ACD021C81A92989F14770FAD2A339EE6F94D7C9F1FAF6700D","14839","","","","public.create_invoice_with_items_safe","public.create_invoice_with_items_safe","","","","","","True","True","False","False","True","True","False","False","False","False","False","False","True","True","False","False","","Historical;PossibleDataBearing;SecuritySensitive;DestructiveDDL",""
"20260517_inventory_phase5_restore_cancelled_invoice_stock.sql","4255B296E466C58D9A8FE756BF5B9671EE0C204392A0481AC4003B4CFF711C6F","4677","","","","public.restore_inventory_for_cancelled_invoice","","idx_inventory_movements_invoice_sale_void_once","","","","","True","False","False","False","True","True","False","False","False","False","False","False","True","False","False","False","","Historical;PossibleDataBearing;SecuritySensitive",""
"20260517_inventory_tracking_flag.sql","93653E1DC6112DF9AFF599925372FE27AB67DB8F7BEDAB3F95C4ABB4A035D877","22483","","public.catalog_items","","public.create_invoice_with_items_safe; public.ensure_inventory_stock_for_catalog_item; public.get_branch_inventory; public.restore_inventory_for_cancelled_invoice","","idx_catalog_items_tenant_track_inventory","","","","","True","True","False","False","True","True","False","False","False","False","False","False","True","False","False","False","","Historical;PossibleDataBearing;SecuritySensitive",""
"20260517_require_pos_profile_role_branch.sql","136B1599910B2AF607632C269123B22CA2093A2542B3716CF5ED2CC67F1FD4FB","160","","public.pos_profiles","","","","","","","","","False","False","False","False","False","False","False","False","False","False","False","False","False","False","False","False","","Historical",""
"20260517_set_pos_profile_pin_scoped.sql","8250CF3C9D8A72D6B1F61A68AC2BFDFDA8AF0E3269E525E0D888139AFBC2DD9E","905","","","","public.set_pos_profile_pin","","","","","","","False","True","False","False","True","True","False","False","True","True","False","False","False","False","False","False","","Historical;PossibleDataBearing;SecuritySensitive",""
"20260517_verify_pos_pin_from_pos_profiles.sql","7B3FD90040CADCF5F1EEF592EC637714EDB85D5C21F1D485FB726702FD445C78","1300","","","","public.verify_pos_pin","public.verify_pos_pin","","","","","","False","False","False","False","True","True","False","True","True","True","False","False","False","True","False","False","","Historical;SecuritySensitive;DestructiveDDL",""
"20260518_catalog_composite_inventory_tracking.sql","2F9D51A41F927209D389D690D89B66B6314ADE28077BC4F7B8352EAA779AADE3","23032","","public.catalog_items","","public.create_invoice_with_items_safe; public.ensure_inventory_stock_for_catalog_item; public.get_branch_inventory; public.restore_inventory_for_cancelled_invoice","","idx_catalog_items_tenant_track_inventory","","","","","True","True","False","False","True","True","False","False","False","False","False","False","True","False","False","False","","Historical;PossibleDataBearing;SecuritySensitive",""
"20260518_fix_adjust_inventory_stock_signature.sql","9A2E1013A3D9D07358BC7222AAF82CDE3EFBDD9B1665AD168E2102337EB8BDDE","3434","","","","public.adjust_inventory_stock","public.adjust_inventory_stock","","","","","","True","False","False","False","True","True","False","False","False","False","False","False","True","True","False","False","","Historical;PossibleDataBearing;SecuritySensitive;DestructiveDDL",""
"20260518_update_inventory_low_stock_threshold_rpc.sql","7435EFE9E486BDE94ED91B1EBEF0545D55EB935E24FB37358358E0B4218FB561","2555","","","","public.update_inventory_low_stock_threshold","","","","","","","True","False","False","False","True","True","False","False","False","False","False","False","False","False","False","False","","Historical;PossibleDataBearing;SecuritySensitive",""
"20260518093000_force_inventory_aware_invoice_rpc.sql","5124FFB06BEE095FA31AF3AFA3B1555D79C34C3A3E83D5912BE31726B3008A94","23229","","public.catalog_items","","public.create_invoice_with_items_safe; public.ensure_inventory_stock_for_catalog_item; public.get_branch_inventory; public.restore_inventory_for_cancelled_invoice","","idx_catalog_items_tenant_track_inventory","","","","","True","True","False","False","True","True","False","False","False","False","False","False","True","False","False","False","","Historical;PossibleDataBearing;SecuritySensitive",""
"20260518120000_inventory_movements_user_names.sql","5650FE22D2CCF1E8BE1CD152B243444409DBC928293CA0F282FBD512F09C14D6","5663","","","","public.adjust_inventory_stock","public.adjust_inventory_stock","","","","","public.inventory_movements_view","True","False","False","False","True","True","False","True","False","False","False","False","True","True","False","False","","Historical;PossibleDataBearing;SecuritySensitive;DestructiveDDL",""
"20260518123000_fix_manual_inventory_created_by.sql","D62B0552DFAEB60A95BDD05FDE3EEC8DFC0FD3363E3FAFC182E1B4B6ABA7DC89","4157","","","","public.adjust_inventory_stock","public.adjust_inventory_stock","","","","","","True","False","False","False","True","True","False","False","False","False","False","False","False","True","False","False","","Historical;PossibleDataBearing;SecuritySensitive;DestructiveDDL",""
"20260518124500_force_adjust_inventory_stock_created_by_signature.sql","2DB331EEC2E45B232065751A5AF3B7E73FA91B55E7680BA58ABB3B58D9112724","4093","","","","public.adjust_inventory_stock","public.adjust_inventory_stock","","","","","","True","False","False","False","True","True","False","False","False","False","False","False","False","True","False","True","20260518124500_force_adjust_inventory_stock_created_by_signature.sql; 20260518130000_reload_adjust_inventory_stock_created_by_signature.sql","Historical;ExactDuplicate;PossibleDataBearing;SecuritySensitive;DestructiveDDL",""
"20260518130000_reload_adjust_inventory_stock_created_by_signature.sql","2DB331EEC2E45B232065751A5AF3B7E73FA91B55E7680BA58ABB3B58D9112724","4093","","","","public.adjust_inventory_stock","public.adjust_inventory_stock","","","","","","True","False","False","False","True","True","False","False","False","False","False","False","False","True","False","True","20260518124500_force_adjust_inventory_stock_created_by_signature.sql; 20260518130000_reload_adjust_inventory_stock_created_by_signature.sql","Historical;ExactDuplicate;PossibleDataBearing;SecuritySensitive;DestructiveDDL",""
"20260519090000_inventory_movements_real_actor_names.sql","BE8A1E13EC9D374BAE13BC103902340F15EABD69DEC2877CDD1175A24DDD2313","1756","","","","","","","","","","public.inventory_movements_view","False","False","False","False","False","False","False","True","False","False","False","False","False","False","False","False","","Historical;SecuritySensitive",""
"20260519093000_inventory_movements_actor_identity_view.sql","D358E01AD553214998204166198D758A84D38E40610C0D6F6EAF644AFB64ECD1","1674","","","","","","","","","","public.inventory_movements_view","False","False","False","False","False","False","False","True","False","False","False","False","False","False","False","False","","Historical;SecuritySensitive",""
"20260519100000_fix_cancelled_invoice_inventory_restore_rpc.sql","F541588FEFFFA94E769CC2B66C060640618036542BEB49C3A6125C4DA3B804CD","4576","","","","public.restore_inventory_for_cancelled_invoice","public.restore_inventory_for_cancelled_invoice","idx_inventory_movements_sale_void_source_item","","","","","True","False","False","False","True","True","False","False","False","False","False","False","True","True","False","False","","Historical;PossibleDataBearing;SecuritySensitive;DestructiveDDL",""
"20260519103000_resolve_branch_catalog_items_on_cancel_restore.sql","58CD9CB60355D52589C57C285DE59F9532EDC85B9B904205D44EF4350F004452","5612","","","","public.restore_inventory_for_cancelled_invoice","public.restore_inventory_for_cancelled_invoice","idx_inventory_movements_sale_void_source_item","","","","","True","False","False","False","True","True","False","False","False","False","False","False","True","True","False","False","","Historical;PossibleDataBearing;SecuritySensitive;DestructiveDDL",""
"20260519110000_inventory_movements_actor_display_identity.sql","642EB3E67B462ABE56E23BFFD87C75794C6AE89C94D63D1B3CE573547C68E67C","1670","","","","","","","","","","public.inventory_movements_view","False","False","False","False","False","False","False","True","False","False","False","False","False","False","False","False","","Historical;SecuritySensitive",""
"20260519113000_inventory_movements_recover_sale_actor_from_invoice.sql","D7A549C746EC26A3C71DF3047A88EDE70201E451C6868F51DA807ADA98ED6BA3","3567","","","","","","","","","","public.inventory_movements_view","False","False","False","False","False","False","False","True","False","False","False","False","False","False","False","False","","Historical;SecuritySensitive",""
"20260519120000_inventory_movements_pos_actor_for_sales_and_voids.sql","AF07D40366A9F3CFE64DBFD8562E8B77EABE187A0471F1E11CD308BBE9E0309B","4643","","","","","","","","","","public.inventory_movements_view","False","False","False","False","False","False","False","True","False","False","False","False","False","False","False","False","","Historical;SecuritySensitive",""
"20260519133000_add_pos_pin_plain_to_pos_profiles.sql","D6119D474C97538D436B09C58C157165E8C69EB5A8E409535E92566FCD41013F","260","","public.pos_profiles","","","","","","","","","False","False","False","False","False","False","False","False","False","False","False","False","False","False","False","False","","Historical",""
"20260519143000_create_announcements_mvp.sql","29E39111D7FA1FC413015B7BDB9700324216BF5A435F78FB15F2991C223FF8AE","3744","public.announcement_recipients; public.announcements","public.announcement_recipients; public.announcements","","public.set_announcement_updated_at","","idx_announcement_recipients_announcement; idx_announcement_recipients_tenant_status; idx_announcements_tenant_branch; idx_announcements_tenant_created","announcement_recipients_full_admin_select; announcements_full_admin_select","announcement_recipients_full_admin_select; announcements_full_admin_select","trg_set_announcement_updated_at","","False","False","False","False","False","False","False","True","False","False","True","False","True","True","False","False","","Historical;SecuritySensitive;DestructiveDDL",""
"20260520090000_announcement_manual_customers.sql","7F66CAC8605759488145A53C152AFF8B39791B2E634E74F605B5177D5267F689","1524","public.announcement_manual_customers","public.announcement_manual_customers; public.announcements","","","","idx_announcement_manual_customers_tenant","announcement_manual_customers_full_admin_select","announcement_manual_customers_full_admin_select","","","False","False","False","False","False","False","False","False","False","False","True","False","True","True","False","False","","Historical;SecuritySensitive;DestructiveDDL",""
"20260520093000_announcement_whatsapp_send_status.sql","0E0922CF0933176D380273ECB4B990E99E1483DA4490A7953163548007AF09D3","510","","public.announcement_recipients; public.announcements","","","","","","","","","False","False","False","False","False","False","False","False","False","False","False","False","False","False","False","False","","Historical",""
"20260520094500_announcement_cta_fields.sql","FDEF8E93C145F0329E5B04F44D3A36236076E9EAAB1569BBEF398271CEF65440","164","","public.announcements","","","","","","","","","False","False","False","False","False","False","False","False","False","False","False","False","False","False","False","False","","Historical",""
"20260520100000_announcement_image_support.sql","8F1B6CC59CC2633D7AD98DBE1885C32582EC6ABF5A423394EE6534906ABB365E","520","","public.announcements","","","","","","","","","True","False","False","False","False","False","False","False","False","False","False","True","False","False","False","False","","Historical;PossibleDataBearing;StorageSensitive",""
"20260705000000_self_heal_order_number_sequence_drift.sql","22DD496BCFF81265C36721D0C0E3548895327FC2B771A9556D2AA4EC5F064AA6","2716","","","","public.next_branch_monthly_order_number","","","","","","","True","True","False","False","True","True","False","False","False","False","False","False","False","False","False","False","","Historical;PossibleDataBearing;SecuritySensitive",""
"20260713090000_secure_pos_pin_credentials.sql","93CDE3D0B83FE7F4457F1902A2499EC3D04413C90EF5297119F6A8762FB0FB80","6833","","public.pos_profiles","","public.verify_pos_pin_for_actor","public.verify_pos_pin","","pos_profiles_select_same_tenant_system_user","pos_profiles_select_same_tenant_system_user","","","False","True","False","False","True","True","False","False","False","False","False","False","True","True","False","False","","Historical;PossibleDataBearing;SecuritySensitive;DestructiveDDL",""
"20260716150000_support_center_foundation.sql","60926F6ED117DA9D53DE6AB059A9CB5204899FD7C8D1C8B2FAB4FD3D04A61704","14524","public.platform_admins; public.support_messages; public.support_ticket_events; public.support_tickets","public.platform_admins; public.support_messages; public.support_ticket_events; public.support_tickets","","public.create_support_ticket_atomic; public.current_profile_tenant_id; public.is_active_platform_admin; public.touch_support_updated_at","","support_messages_ticket_created_idx; support_ticket_events_ticket_created_idx; support_tickets_priority_created_idx; support_tickets_status_created_idx; support_tickets_tenant_created_idx","platform_admins_self_select; support_events_select; support_messages_select; support_tickets_select","platform_admins_self_select; support_events_select; support_messages_customer_insert; support_messages_select; support_tickets_customer_insert; support_tickets_select","platform_admins_touch; support_messages_touch; support_tickets_touch","","True","False","False","False","True","True","False","True","True","True","True","False","True","True","False","False","","Historical;PossibleDataBearing;SecuritySensitive;DestructiveDDL",""
"20260717150000_support_provider_operational_metrics.sql","AE4DF280C93F895D4D3EE864777CA3BD157840F613891646146F40A9299A9339","15846","","","","public.get_provider_support_operational_dashboard","","support_messages_public_ticket_sender_created_idx","","","","","False","False","False","False","True","True","False","False","False","False","False","False","False","False","False","False","","Historical;SecuritySensitive",""
"20260717180000_support_secure_attachments.sql","2D705E58BD8E9A81C4DC0E935FF0D9EBCAECCDA82247C5414A695A075064F4F5","3177","public.support_attachments","public.support_attachments","","","","support_attachments_message_idx; support_attachments_ticket_created_idx; support_messages_id_ticket_uidx; support_tickets_id_tenant_uidx","","","","","True","False","False","False","False","False","False","False","False","True","True","True","True","False","False","False","","Historical;PossibleDataBearing;SecuritySensitive;StorageSensitive",""
